{
  "project_info": {
    "project_number": "963767525923",
    "firebase_url": "https://bursar-93017-default-rtdb.firebaseio.com",
    "project_id": "bursar-93017",
    "storage_bucket": "bursar-93017.appspot.com"
  },
  "client": [
    {
      "client_info": {
        "mobilesdk_app_id": "1:963767525923:android:bd1bcd26dff610bccd8796",
        "android_client_info": {
          "package_name": "com.example.bursar"
        }
      },
      "oauth_client": [],
      "api_key": [
        {
          "current_key": "AIzaSyCfzbNmE-d33Gruiz8IkaMzatxkuds0zNc"
        }
      ],
      "services": {
        "appinvite_service": {
          "other_platform_oauth_client": []
        }
      }
    },
    {
      "client_info": {
        "mobilesdk_app_id": "1:963767525923:android:d8084b961d7e51e3cd8796",
        "android_client_info": {
          "package_name": "com.example.mobile"
        }
      },
      "oauth_client": [],
      "api_key": [
        {
          "current_key": "AIzaSyCfzbNmE-d33Gruiz8IkaMzatxkuds0zNc"
        }
      ],
      "services": {
        "appinvite_service": {
          "other_platform_oauth_client": []
        }
      }
    },
    {
      "client_info": {
        "mobilesdk_app_id": "1:963767525923:android:3f34b6acc601c1efcd8796",
        "android_client_info": {
          "package_name": "com.example.myapplication"
        }
      },
      "oauth_client": [],
      "api_key": [
        {
          "current_key": "AIzaSyCfzbNmE-d33Gruiz8IkaMzatxkuds0zNc"
        }
      ],
      "services": {
        "appinvite_service": {
          "other_platform_oauth_client": []
        }
      }
    },
    {
      "client_info": {
        "mobilesdk_app_id": "1:963767525923:android:b0caf4b7f61f3712cd8796",
        "android_client_info": {
          "package_name": "com.example.uptm"
        }
      },
      "oauth_client": [],
      "api_key": [
        {
          "current_key": "AIzaSyCfzbNmE-d33Gruiz8IkaMzatxkuds0zNc"
        }
      ],
      "services": {
        "appinvite_service": {
          "other_platform_oauth_client": []
        }
      }
    }
  ],
  "configuration_version": "1"
}